{
  "//comment": "This loot table appends the now saved custom_data component in the block entity to the player head item. Parsing and modifying dropped head items is therefore not neccessary anymore since 24w13a.",
  "type": "minecraft:block",
  "pools": [
    {
      "rolls": 1,
      "bonus_rolls": 0,
      "entries": [
        {
          "type": "minecraft:item",
          "name": "minecraft:player_head",
          "functions": [
            {
              "function": "minecraft:copy_components",
              "source": "block_entity",
              "include": [
                "minecraft:profile",
                "minecraft:note_block_sound",
                "minecraft:custom_name",
                "minecraft:item_name",
                "minecraft:custom_data"
              ]
            }
          ]
        }
      ]
    }
  ],
  "random_sequence": "minecraft:blocks/player_head",
  "__smithed__": {
    "rules": [
      {
        "type": "append",
        "target": "pools[0].entries[0].functions[0].include",
        "source": {
          "type": "reference",
          "path": "pools[0].entries[0].functions[0].include[3]"
        }
      },
      {
        "type": "append",
        "target": "pools[0].entries[0].functions[0].include",
        "source": {
          "type": "reference",
          "path": "pools[0].entries[0].functions[0].include[4]"
        }
      }
    ]
  }
}
